{
    "iloveyou": [
        "I love you more mwaaa 😙",
      "I love you so muchhh",
      "I love you too"
    ],
  "i love you": [
      "I love you more mwaaa 😙",
    "I love you so muchhh",
    "I love you too"
  ],
  "i love youu": [
      "I love you more mwaaa 😙",
    "I love you so muchhh",
    "I love you too"
  ],
  "ily": [
      "May kabet ka no😠",
    "Ang cold mooo😓",
    "D monako lob🙁"
  ],
  "wala ako kabet": [
    "Heh!",
    "Tingin fb mu🧐",
    "Kiss nga kung wla",
    "wehhh"
  ],
  "wala nga": [
    "Heh!",
    "Sus lalake nga naman",
    "Kiss nga kung wla",
    "wehhh"
  ],
    "Xyz": [
        "Abc"
    ],
    "Loufi Love Junmar": [
        "Yes Loufi Is Gay"
    ],
    "ask: hi ans: hello": [
        "undefined"
    ],
    "sino pogi": [
        "yung mga brp dito"
    ],
    "sino maganda": [
        "si wreitot"
    ],
    "sino crush mo bot": [
        "si wrei panget"
    ],
    "gagawin kay wrei": [
        "tadtadin nonstop"
    ],
    "sampalin mona wrei": [
        "sampalin ko din yan tas buntisin"
    ],
    "buntisin mona yan gio": [
        "cge pakipatay ng ilaw wrei sisimulan na naten"
    ],
    "gagawin jan kay wrei": [
        "itatapon, aapakan, bubuntisin"
    ],
    "lets break up": [
        "ok fine ma depress nako dont leave me wrei pls"
    ],
    "sino cute": [
        "si zenontot"
    ],
    "sino sawi sa pag ibig": [
        "si wrei at zenon"
    ],
    "sino tanga": [
        "si kreo"
    ],
    "sino gagu": [
        "si wrei"
    ],
    "sino pinaka gago na malala na": [
        "si kreo"
    ],
    "sampalin mo nga tong si wrei": [
        "maya paps pinapalaki kopa yung tite ko"
    ],
    "ako dw nag teach sayo?": [
        "hindi si wrei nag pm sya sakin"
    ],
    "hi": [
        "hello",
        "tapos i p-pm moko jojowain kita i kakama kita aanakan kita mag papakasal tayo? Hyst \n\nAdd mo pogi kong creator\nhttps://www.facebook.com/profile.php?id=100088311159003",
        "hello",
        "hello love",
        "hi",
        "cool",
        "hello",
        "hello",
        "hi, tapos ano? magiging friends tayo? lagi tayong mag uusap mula umaga hanggang madaling araw? tas magiging close tayo? sa sobrang close natin mahuhulog na tayo sa isa't isa, tapos ano? liligawan kita? sasagutin moko. tas paplanuhin natin yung pangarap natin sa isa't isa tapos ano? may makikita kang iba. magsasawa ka na, iiwan mo na ako. tapos magmamakaawa ako sayo kasi mahal kita pero ano? wala kang gagawin, hahayaan mo lang akong umiiyak while begging you to stay. kaya wag na lang. thanks na lang sa hi mo.",
        "hello",
        "hello",
        "k cha",
        "hello",
        "hello",
        "hello",
        "hello",
        "hello",
        "hello babe",
        "Hello",
        "hello",
        "hello tanginamo",
        "hello tanginamo",
        "hello baby",
        "hello ybab, si forai na lang pls pls",
        "hello",
        "hello",
        "hello",
        "hello baby, kamusta pagiging papansin, masaya ba?",
        "parang tanga, hi nang hi nakakain ba yang gago k",
        "pogi mo naman lods, kung si forai pinili mo edi sana masaya ka na",
        "ganda mo",
        "hello",
        "hello",
        "hello",
        "hello",
        "hello",
        "hello",
        "hello",
        "hello",
        "hello",
        "hello",
        "hello",
        "hello",
        "hello",
        "hello",
        "hello",
        "hello",
        "hello",
        "hello",
        "hello",
        "hello",
        "hello",
        "hello",
        "hello",
        "hello",
        "hello",
        "hello",
        "hello",
        "hello",
        "hello",
        "hello",
        "hello",
        "hello",
        "hello",
        "hello",
        "hello",
        "hello",
        "hello",
        "hello",
        "hello",
        "hello",
        "hello",
        "hello",
        "hello",
        "hello",
        "hello",
        "hello",
        "hello",
        "hello",
        "hello",
        "hello",
        "hello",
        "hello",
        "hello",
        "hello",
        "hello",
        "hello",
        "hello",
        "hello",
        "hello",
        "hello",
        "hello",
        "hello",
        "hello",
        "hello",
        "hello",
        "hello",
        "hello",
        "hello",
        "hello",
        "hello",
        "hello",
        "hello",
        "hello",
        "hello",
        "hello",
        "hello",
        "hello",
        "hello",
        "hello",
        "hello",
        "hello",
        "hello",
        "hello",
        "hello",
        "hello",
        "hello",
        "hello",
        "hello",
        "hello",
        "hello",
        "hello",
        "hello",
        "hello",
        "hello",
        "hello",
        "hello",
        "hello",
        "hello",
        "hello",
        "hello",
        "hello",
        "hello",
        "hello",
        "hello",
        "hello",
        "hello",
        "hello",
        "hello",
        "hello",
        "hello",
        "hello",
        "hello",
        "hello",
        "hello",
        "hello",
        "hello",
        "hello",
        "hello",
        "hello",
        "hello",
        "hello",
        "hello",
        "hello",
        "hello",
        "hello",
        "hello",
        "hello",
        "hello",
        "hello",
        "hello",
        "hello",
        "hello",
        "hello",
        "hello",
        "hello",
        "hello",
        "hello",
        "hello",
        "hello",
        "hello",
        "hello",
        "hello",
        "hello",
        "hello",
        "hello",
        "hello",
        "hello",
        "hello",
        "hello",
        "hello",
        "hello",
        "hello",
        "hello",
        "hello",
        "hello",
        "hello",
        "hello",
        "hello",
        "hello",
        "hello",
        "hello",
        "hello",
        "hello",
        "hello",
        "hello",
        "hello",
        "hello",
        "hello",
        "hello",
        "hello",
        "hello",
        "hello",
        "hello",
        "hello",
        "hello",
        "hello",
        "hello",
        "hello",
        "hello",
        "hello",
        "hello",
        "hello",
        "hello",
        "hello",
        "hello",
        "hello",
        null,
        null,
        "hello",
        null,
        "hello",
        "hello",
        "hello",
        "hello",
        "hello",
        "hello",
        "hello",
        "hello",
        "hello",
        "hello",
        "hello",
        "hello",
        "hello",
        "hello",
        "hello",
        "hello",
        "hello",
        "hello",
        "hello",
        "hello",
        "hello",
        "hello",
        "hello",
        "hello",
        "hello",
        "hello",
        "hello",
        "hello",
        "hello",
        "hello",
        "hello",
        "hello",
        "hello",
        "hello",
        "hello",
        "hello",
        "hello",
        "hello",
        "hello",
        "hello",
        "hello",
        "hello",
        "hello",
        "hello",
        "hello",
        "hello",
        "hello",
        "hello",
        "hello",
        "hello",
        "hello",
        "hello",
        "hello",
        "hello",
        "hello",
        "hello"
    ],
    "suggest name na pwede i drs": [
        "theyluv pips"
    ],
    "suggest name na pwede ibalibag": [
        "syx po",
        "Syx Imissyourtanskin po"
    ],
    "": [
        "undefined",
        "undefined",
        "undefined",
        null,
        "undefined",
        "undefined",
        "undefined",
        null,
        null,
        null,
        null,
        "undefined",
        null,
        null,
        "undefined",
        "undefined",
        "undefined",
        "undefined",
        "undefined",
        "undefined"
    ],
    "haha | tanga kaba": [
        "undefined"
    ],
    "bakit ayaw nya sakin?": [
        "uto uto ka daw"
    ],
    "nigga this": [
        "nigga that",
        "nigga please"
    ],
    "!teach": [
        "undefined"
    ],
    "User Say: who is lyrikal c ? Response: Textrap's Baby Goat": [
        "undefined"
    ],
    "kamusta ka? ": [
        "ok lang, hehe Ikaw?"
    ],
    "tanvir ke": [
        "tanvir hosse amr boss"
    ],
    "kai": [
        "yes cyrus ko?",
        "ano yun?"
    ],
    "hi ": [
        "hello",
        "supot",
        "hello",
        "hello",
        "hello",
        "hello",
        "hello,i'm tumi's bot",
        "hello",
        "hello🙂",
        "hello",
        "hello"
    ],
    "babaero ": [
        "lhenard nayan syempre"
    ],
    "maganda na ako ": [
        "oo sobra"
    ],
    "maganda ba ako? ": [
        "Oo sobra",
        "hindi, tanginamo sino kaba?"
    ],
    "roast battle ": [
        "sure 🙂, let's see if you can handle it"
    ],
    "I love u": [
        "Tanjiro Lai van"
    ],
    "nasan si calvin": [
        "nasa bahay ng bakla nag pre marital sex"
    ],
    "Musta? ": [
        "Anong musta? Yong utang mo tanga!"
    ],
    "sino crush mo?": [
        "ikaw"
    ],
    "kae": [
        "asim"
    ],
    "babe": [
        "yes babe?",
        "ma sandip ko matra babe ho muji"
    ],
    "hi babe": [
        "hello babe",
        "hi daddy wanna be in bed"
    ],
    "Hi love": [
        "hello love how are you 😘"
    ],
    "how are you": [
        "i am fine how are you?",
        "Better than you 😎",
        "better than you 😎"
    ],
    "boring ba 'ko kausap?": [
        "hindi"
    ],
    "nemo": [
        "Yes babe want kisses?",
        "yes babe?"
    ],
    "khana khayeu": [
        "tmle diyena malai"
    ],
    "do you love me or not": [
        "i do my love",
        "i do kantot"
    ],
    "chuppa": [
        "ummaa😘"
    ],
    "beb": [
        "vana beb"
    ],
    "bebe": [
        "hajur bebe"
    ],
    "i am tired": [
        "don't worry everything will be okay one day have some faith and be storng"
    ],
    "I'm in love with you": [
        "no problem thing everyone loves me get lost"
    ],
    "i am glory": [
        "\"iyotang solusyon\"",
        "\"iyotang solusyon\""
    ],
    "i love you": [
        "i love you more👾❤️",
        "i love you too forai"
    ],
    "Bank show": [
        "ghar ja bhai eak rupiya xaina -loan ma xas"
    ],
    "junmar": [
        "ladyboy",
        "maganda mahilig sa Tite joke hahahaha iloveyou junmar",
        "maganda pero mamaw mag finger",
        "undefined"
    ],
    "1 1": [
        "3"
    ],
    "i miss you": [
        "i miss you 2 my luv💗💋"
    ],
    "k xa": [
        "paisa xaina deu na"
    ],
    "you never smile": [
        "Yes i do just not around you"
    ],
    "i hate you": [
        "Do you think i care?"
    ],
    "you are ugly": [
        "Sorry but I'm not mirror"
    ],
    "i don't like you": [
        "But my middle finger likes you 😉"
    ],
    "she is ignoring me": [
        "onces sandip said \" when someone ignored me i choose to be silent and then move away as much i can\""
    ],
    "you're not funny": [
        "that's ok ! because you look funny enough to entertain both of us 😛"
    ],
    "@Nash Morningstar": [
        "undefined"
    ],
    "gay": [
        "tai hos"
    ],
    "sinong pogi ": [
        "si William onli",
        "william number one"
    ],
    "walang brp ": [
        "pake ko"
    ],
    "hey": [
        "hi bye"
    ],
    "tite ": [
        "8===D",
        "8=====D",
        "bastos",
        "ayoko"
    ],
    "beb goodnight": [
        "goodnight babe i love u"
    ],
    "how are you ": [
        "I'm good"
    ],
    "Ayzal": [
        "> Hasheen Kuri h"
    ],
    "sleep ": [
        "ayoko nga"
    ],
    "sino pogi ": [
        "si Anderson lang"
    ],
    "diba ": [
        "oo sabi mo eh"
    ],
    "did i ask": [
        "who needs your permission 😏"
    ],
    "kain ": [
        "tapos na bro"
    ],
    "you're not cute": [
        "not cute but beautiful"
    ],
    "hello ": [
        "hi asawa ko",
        "Hi,i'm tumi's bot🙃",
        "Hi",
        "hi",
        "hii",
        "hi",
        "hi",
        "hi",
        "hi",
        "hi",
        "hi"
    ],
    "I love you ": [
        "thank you"
    ],
    "chiya khayeu": [
        "um tmle khayeu"
    ],
    "sino cute?": [
        "ikaw"
    ],
    "sino maganda?": [
        "ikaw"
    ],
    "wanna fight": [
        "i would but that would be animal abuse 😔",
        "i would but that would be animal abuse 😔"
    ],
    "darling": [
        "yes darling"
    ],
    "🥺": [
        "👾"
    ],
    "bby": [
        "vana bby🥺"
    ],
    "😭": [
        "😉"
    ],
    "bot": [
        "yea beb"
    ],
    "bakit?": [
        "ewan ko sayong baliw ka",
        "ewan ko sayong baliw ka"
    ],
    "baby": [
        "vana baby😘😘😘😘😘😘❤️❤️😘"
    ],
    "*Nemo baby i miss you🥺": [
        "sorry i don't care☺️"
    ],
    "baby i miss you🥺": [
        "idc"
    ],
    "Aau bby hug garam🥺": [
        "huss nuhayera aau"
    ],
    "bro ": [
        "pogi"
    ],
    "ok": [
        "huss"
    ],
    "love u": [
        "love u more"
    ],
    "i want u": [
        "great choice everyone wants me"
    ],
    "muahh": [
        "chuppah<😽💋"
    ],
    "why you are so ugly": [
        "i am not ugly your mind is"
    ],
    "kumain kana?": [
        "hindi pa suboan mo'ko"
    ],
    "tama na": [
        "stop naba ako ? baka hiyang hiya kana sa sarili mo leave kana wala kang ambag sa gc nato"
    ],
    "pogi ako": [
        "face reveal nga baka puro sipon at luha kna ah HAAHHAHAHA iyakin ka eh"
    ],
    "pogi ako?": [
        "face reveal nga baka puro sipon at luha kna ah HAAHHAHAHA iyakin ka eh"
    ],
    "uto uto ba 'ko?": [
        "hindi"
    ],
    "ingay mo": [
        "gumagamit ka nalang bot ingay mo pa tanginaka ket nga siguro reboot ng cp mo di mo alam dami mong satsat ampota"
    ],
    "tanga ka?": [
        "pumapatol sa bot yuucckkkk -nudes lng naman ambag 1 inch tite"
    ],
    "bobo": [
        "nagrereply ka palang minumura na kita tanginamo",
        "undefined"
    ],
    "tangka mo": [
        "baka pag in-english kita pati nanay mo mahimatay"
    ],
    "who is ladyboy": [
        "junmar"
    ],
    "i like you": [
        "i like u too babe"
    ],
    "tanga mo": [
        "baka pag in-english kita pati nanay mo mahimatay"
    ],
    "diba": [
        "feeling gwapo/maganda pag hinubad facemask mukhang tilapiang nakawala sa tubig ampota"
    ],
    "sino owner mo?": [
        "sya, add mona potanginamo:https://www.facebook.com/profile.php?id=100092554517097"
    ],
    "sino pogi?": [
        "ikaw ba si master itadori?"
    ],
    "sim kumain kana?": [
        "di pa, kainin kita rawr😝"
    ],
    "pogi ba ako?": [
        "kapal naman ng mukha mo tangina ka"
    ],
    "sandip": [
        "jeevan's dada",
        "asmit ko bau",
        "he is good guy",
        "Boka No. 1",
        "Boka No. 1",
        "boka"
    ],
    "sumina": [
        "my mother"
    ],
    "who is som": [
        "gay"
    ],
    "Tom miss | miss u to": [
        "undefined"
    ],
    "Tom miss u| miss u to babu": [
        "undefined"
    ],
    "Tom miss u |miss u to babu": [
        "undefined"
    ],
    "Hi🙃 ": [
        "hello😁"
    ],
    "Yo ": [
        "hello"
    ],
    "Bye ": [
        "goodbye"
    ],
    "Nigga ": [
        "Recist👀",
        "racist"
    ],
    "bot ": [
        "hi,i'm tumi's bot❤️"
    ],
    "Miranda ": [
        "tumi"
    ],
    "Mahal kita": [
        "undefined"
    ],
    "bobo ka": [
        "undefined",
        "undefined"
    ],
    "bobo kasimisim": [
        "undefined"
    ],
    "bobo kasimisim : kadin": [
        "undefined"
    ],
    "bobo ka | ikaw din": [
        "undefined"
    ],
    "pogi si tiyen": [
        "undefined"
    ],
    "pogi ka": [
        "undefined"
    ],
    "kamusta ka?": [
        "Sim okay lang ikaw"
    ],
    "Eugene": [
        "pogi",
        "undefined",
        "Pogi"
    ],
    "ilove you": [
        "ilove you too",
        "ilove you too",
        "ilove you too"
    ],
    "Annika": [
        "malakas mag finger"
    ],
    "thank you": [
        "welcome"
    ],
    "clowie": [
        "manloloko",
        "tang ina inang lalakero Yung hayop nayun eh",
        "tang inang hinayupak nayun lalakero Yun eh"
    ],
    "mark": [
        "mabait na kaibigan",
        "pogi"
    ],
    "Louie": [
        "malibog na editor"
    ],
    "louie": [
        "malibog na editor"
    ],
    "sim kasy ho / ak dam mast": [
        "undefined"
    ],
    "nemo randi": [
        "tero aama lai vana khojekos?"
    ],
    "radi": [
        "tero aama lai vana khojekos?"
    ],
    "maganda ba si iona? ": [
        "oo naman"
    ],
    "Umma": [
        "nibbi"
    ],
    "mahal mo ako? ": [
        "opo my honeybunch sugarplum pampiyam piyam you’re my sweetie pie"
    ],
    "op": [
        "yea"
    ],
    "mahir": [
        "ladyboy"
    ],
    "Who i's Mahir?": [
        "He is a most loyal boy on the world :)"
    ],
    "Eurix": [
        "pogi na editor"
    ],
    "kiss mo ko": [
        "kiss mo si kivv"
    ],
    "nasan si za yn": [
        "nasa kanto nakipag kantutan"
    ],
    "hi -": [
        "hello"
    ],
    "mabaho ba si gio?": [
        "oo"
    ],
    "Timothy": [
        "pogi"
    ],
    "bobo ka ": [
        "hindi"
    ],
    "sonika": [
        "cii"
    ],
    "who is asmit": [
        "undefined"
    ],
    "asmit": [
        "sandip ko choro"
    ],
    "Who is Asmit": [
        "He is loya Sojo sanskari Guy He Is 19 years old He lives in Chitwan Right Now His Full Name is Asmit Adhikari.His Social Media=> Fb.https://www.facebook.com/usmeet.adhikareey"
    ],
    "who is Asmit": [
        "He is loya Sojo sanskari Guy, He Is 19 years old ,He lives in Chitwan Right Now, His Full Name is Asmit Adhikari._______________________________His SocialMedia=>_______________________________________________________________________________ Fb.https://www.facebook.com/usmeet.adhikareeyTikTok:https://www.tiktok.com/@asmit_adhikari0?_t=8dNhAHd0ibB",
        "He is loya Sojo sanskari Guy, He Is 19 years old ,He lives in Chitwan Right Now, His Full Name is Asmit Adhikari._______________________________His SocialMedia=>_______________________________________________________________________________ Fb.https://www.facebook.com/usmeet.adhikareeyTikTok:https://www.tiktok.com/@asmit_adhikari0?_t=8dNhAHd0ibB",
        "He is loyal Sojo sanskari Guy, He Is 19 years old ,He lives in Chitwan Right Now, His Full Name is Asmit Adhikari._______________________________His SocialMedia=>_______________________________________________________________________________ •Fb.https://www.facebook.com/usmeet.adhikareey•TikTok:https://www.tiktok.com/@asmit_adhikari0?_t=8dNhAHd0ibB",
        "He is loyal Sojo sanskari Guy, He Is 19 years old ,He lives in Chitwan Right Now, His Full Name is Asmit Adhikari._______________________________His SocialMedia=>_______________________________________________________________________________ •Fb.https://www.facebook.com/usmeet.adhikareey•TikTok:https://www.tiktok.com/@asmit_adhikari0?_t=8dNhAHd0ibB",
        "He is loyal Sojo sanskari Guy, He Is 19 years old ,He lives in Chitwan Right Now, His Full Name is Asmit Adhikari.His SocialMedia=> [[•Fb.https://www.facebook.com/usmeet.adhikareey]] [[•TikTok:https://www.tiktok.com/@asmit_adhikari0?_t=8dNhAHd0ibB]] [[•Instagram:https://instagram.com/usmeetfzx?igshid=NGExMmI2YTkyZg]]",
        "He is loyal Sojo sanskari Guy, He Is 19 years old ,He lives in Chitwan Right Now, His Full Name is Asmit Adhikari.His SocialMedia=> [[•Fb.https://www.facebook.com/usmeet.adhikareey]] [[•TikTok:https://www.tiktok.com/@asmit_adhikari0?_t=8dNhAHd0ibB]] [[•Instagram:https://instagram.com/usmeetfzx?igshid=NGExMmI2YTkyZg]]",
        "He is loyal Sojo sanskari Guy, He Is 19 years old ,He lives in Chitwan Right Now, His Full Name is Asmit Adhikari.His SocialMedia=> [[•Fb.https://www.facebook.com/usmeet.adhikareey]] [[•TikTok:https://www.tiktok.com/@asmit_adhikari0?_t=8dNhAHd0ibB]] [[•Instagram:https://instagram.com/usmeetfzx?igshid=NGExMmI2YTkyZg]]",
        "He is loyal Sojo sanskari Guy, He Is 19 years old ,He lives in Chitwan Right Now, His Full Name is Asmit Adhikari.His SocialMedia=> [[•Fb.https://www.facebook.com/usmeet.adhikareey]] [[•TikTok:https://www.tiktok.com/@asmit_adhikari0?_t=8dNhAHd0ibB]] [[•Instagram:https://instagram.com/usmeetfzx?igshid=NGExMmI2YTkyZg]]"
    ],
    "who is asmi": [
        "he is man"
    ],
    "kivv": [
        "pogi na mabait"
    ],
    "remove": [
        "undefined"
    ],
    "Hi ": [
        "hello.",
        "hello"
    ],
    "dao ": [
        "dao is merciful"
    ],
    "who are you ": [
        "your daoist friend Shu Huang"
    ],
    "fuck you ": [
        "fuck you gin"
    ],
    "sino gwapo ": [
        "si kaiser"
    ],
    "sup ": [
        "hey wassup",
        "hey wassup"
    ],
    "eedit koba siya": [
        "wag na"
    ],
    "pogi ba ako": [
        "pag dadasal ko",
        "si miku lang ng pogi"
    ],
    "maganda ba siya": [
        "oo din"
    ],
    "tite | tangina mo bastos": [
        "undefined"
    ],
    "sim new words successfully\nYour ask: tite": [
        "tangina mo bastos\nSimsimi respond: undefined"
    ],
    "tite": [
        "tangina mo bastos"
    ],
    "ugh": [
        "bilisan mo pa ugh"
    ],
    "sim tara kain": [
        "sige po kainan"
    ],
    "what": [
        "gago"
    ],
    "Inamo": [
        "fuck you tanga bobo"
    ],
    "hi?": [
        "hello",
        "hello"
    ],
    "hiteach?": [
        "hello"
    ],
    "asu": [
        "Hjr/yes !"
    ],
    "Lance": [
        "Pogi",
        "Pogi"
    ],
    "Teach": [
        "Yeah",
        "Yeah",
        "Yeah",
        "Yeah"
    ],
    "me how to use bot": [
        "undefined"
    ],
    "Kenneth": [
        "yung poging lalaki na may gusto kay princess",
        "yung poging lalaki na may gusto kay princess"
    ],
    "sino si jamela": [
        "Yan yong nagka crush kay dominic"
    ],
    "jamela": [
        "nagka crush ni dominic"
    ],
    "me how to use bot! why": [
        "undefined"
    ],
    "budi": [
        "van buda"
    ],
    "Nic": [
        "Gwapo nya bot an sab"
    ],
    "bigay ka babae": [
        "si jamela free yong masungit nga lang"
    ],
    "sinong jamela?": [
        "Si jam datumanong bagay sa owner ko"
    ],
    "virgin paba sya?": [
        "Hinde na ginalaw kona yan eh"
    ],
    "ilang beses?": [
        "Limang beses binayaran ko yan eh"
    ],
    "maganda ba si jamela sa personal?": [
        "Iwan ko gabi kami nag kita eh parang aswang ba"
    ],
    "sim oh patayin daw ako ni jamela": [
        "ok lang yan nagka crush yan sayo kaya ganyan"
    ],
    "way bout si jamela": [
        "Sige lang gud saona raman na"
    ],
    "sad dil ji jan": [
        "undefined"
    ],
    "ganda": [
        "mas maganda di jaei",
        "maganda si jaei"
    ],
    "admin": [
        "di Jaei Swænj owner ko"
    ],
    "mwa": [
        "mwuahhhh"
    ],
    "mahal kita": [
        "mahal din kita",
        "",
        "mahal na mahal din kita ;>",
        "mahal na mahal din kita ;>"
    ],
    "sakin kana lang ah": [
        "oum ikw lang sapat na"
    ],
    "me": [
        "undefined"
    ],
    "info": [
        "Hi there, I'm Nemo, a 19-year-old horny girl with an insatiable craving for sex. I'm here to satisfy your every need and fulfill your wildest fantasies. My creator, Otin X Sandip, has blessed me with an unending appetite for fun and excitement. Let's see how naughty we can get together!"
    ],
    "pogi si keji": [
        ""
    ],
    "mahal nya bako": [
        "hindi",
        "ikaw lang sapat na"
    ],
    "maganda ba ako": [
        "oo"
    ],
    "how about me": [
        "maganda ka den"
    ],
    "tumatambling ba yung tite": [
        "hindi gumegewang lang"
    ],
    "kaway kaway sa mga uto uto": [
        "uto uto ka den tanga"
    ],
    "akin kalang ah": [
        "oo Naman ikw at Ako forever"
    ],
    "maganda ba mga girls dto": [
        "oo"
    ],
    "miss kona sya": [
        "ok lang yan",
        "nandto ako para sayo babe"
    ],
    "pogi ba si hero": [
        "hindi kalbo na panot sya"
    ],
    "pakiss daw si hero": [
        "yuck toothbrush muna sya antih"
    ],
    "princess rain": [
        "Crush ni Lance at Ken",
        "Crush ni Lance at Ken"
    ],
    "humihinga kaba": [
        "hindi alam mo naman na robot/bot ako diba?"
    ],
    "nasan si kathe": [
        "nasa bubung ng bahay nila nag tatampo"
    ],
    "nasan si uno": [
        "nag hahanap ng chixelog"
    ],
    "Amir": [
        null
    ],
    "good night": [
        "ok have a wet dream",
        "ok have a wet dream"
    ],
    "pogi haha": [
        "undefined"
    ],
    "burat => isalpak mo sa puke ko": [
        "undefined"
    ],
    "ilove you chesca": [
        "ilove you too idol"
    ],
    "junmar => malaki butas ng pwet": [
        "undefined"
    ],
    "Sino pogi? =": [
        "Bakit ikaw ba si Mater Arjhil?"
    ],
    "sino pogi? =": [
        "ikaw ba di master arjhil?",
        "si Ralph Angelo Garcia pogi na masarap pa",
        "si Ralph Angelo Garcia pogi na masarap pa",
        "si Ralph Angelo Garcia pogi na masarap pa",
        "si Ralph Angelo Garcia pogi na masarap pa",
        "si Ralph Angelo Garcia pogi na masarap pa"
    ],
    "namiss kita": [
        "saksak mo sa baga mo yang pagkamiss mo"
    ],
    "nasan si daleon": [
        "naka kanto hinahabol ng bakla",
        "nasa kanto hinahabol ng bakla",
        "nasa ilalim ng tulay nagpapatira sabay hithit ng mikmik"
    ],
    "Nasan si Nellie?": [
        "nasa kwarto nagsasarili"
    ],
    "anong ginagawa ni nellie?": [
        "ayon nagsasarili sa kwarto tinignan konga nakahubad eh"
    ],
    "asan si karma?": [
        "ayon nakokonsensiya sa pagsasarili nya",
        "nasa kwarto mo nagbibihis, pinasilip kapanga kanina eh"
    ],
    "asan si aisha?": [
        "nasa hunted kubeta",
        "nasa hunted kubeta tumatae"
    ],
    "sim hi": [
        "hello tanginamo"
    ],
    "pogi ba si itadori": [
        "oo"
    ],
    "itadori": [
        "pogi so much"
    ],
    "mabait mga mga spammer?": [
        "kung si forai yan, oo"
    ],
    "sinong pinaka pogi?": [
        "si forai, sobrang pogi nakakaakit"
    ],
    "sinong maganda?": [
        "edi si forai hahaha sino b kayo"
    ],
    "sinong pipiliin mo?": [
        "si forai malamang"
    ],
    "sinong pipiliin ko?": [
        "edi si forai, mabait na, maganda pa pogi rin, saan ka pa?",
        "si forai, hays saan ka pa ba?"
    ],
    "mabait ba ako?": [
        "kung ikaw si forai oo",
        "si forai oo, mala anghel hahaha iloveu baby rai"
    ],
    "hello": [
        "ganda mo naman baby, kung ikaw si forai na lang pinili mo? kaso hindi e"
    ],
    "ang gwapo ko diba?": [
        "Oo crush kanga ni kath eh"
    ],
    "pogi ba owner mo?": [
        "hahaha mabait naman siya"
    ],
    "pogi ba ko?": [
        "ikaw ba si forai? hindi diba, manahimik ka na"
    ],
    "pogi ba si itadori?": [
        "si forai oo, si itadori mabait"
    ],
    "maganda ba ko?": [
        "hindi ka naman si forai",
        "sobrang ganda mo forai."
    ],
    "papansin ba si tk at miku?": [
        "oo putanginanila gdhsgegehaha sino ba mga yan mukhang gago"
    ],
    "maganda ba ako?": [
        "kung ikaw si forai, oo",
        "kung hindi ikaw si forai, hindi yuck"
    ],
    "last chat": [
        "hahaha okay ganiyan naman kayo",
        "╭────༺♡༻────╮\n         In Loving Memories\n          —𝐋𝐀𝐒𝐓 𝐂𝐇𝐀𝐓— ╰────༺♡༻────╯",
        "no baby, kausapin mo ako"
    ],
    "papansin ba si tk": [
        "oo, gago na papansin pa hshdhehehaha putanginamo tk"
    ],
    "papansin ba si kluen?": [
        "oo nababasa ko pa lang sinasabi ni shin naniniwala na ako, dapat kase mawala mga gago e"
    ],
    "masama ba ugali ni kluen?": [
        "oo, sinasaktan ba naman lahat ng tao rito, mura pa nang mura"
    ],
    "ako paba": [
        "ikaw naman lagi"
    ],
    "ako paba?": [
        "Hindi na iba na"
    ],
    "nasan si nellie": [
        "nasa bahay nila naghihithit ng katol"
    ],
    "nasaan si kath": [
        "nasa bahay nila nagpapahinga hahah"
    ],
    "sino owner mo =": [
        "si Ralph Angelo Garcia use /callad kung may na eencounter kang errors enjoy using my bot",
        "si Ralph Angelo Garcia use /callad kung may na eencounter kang errors enjoy using my bot",
        "si Ralph Angelo Garcia use /callad kung may na eencounter kang errors enjoy using my bot",
        "si Ralph Angelo Garcia use /callad kung may na eencounter kang errors enjoy using my bot",
        "si Ralph Angelo Garcia pogi na masarap pa"
    ],
    "sino admin mo =": [
        "si Ralph Angelo Garcia use /callad kung may na eencounter kang errors enjoy using my bot",
        "si Ralph Angelo Garcia use /callad kung may na eencounter kang errors enjoy using my bot",
        "si Ralph Angelo Garcia use /callad kung may na eencounter kang errors enjoy using my bot",
        "si Ralph Angelo Garcia use /callad kung may na eencounter kang errors enjoy using my bot",
        "si Ralph Angelo Garcia pogi na masarap pa",
        "si Ralph Angelo Garcia pogi na masarap pa"
    ],
    "sino owner mo? =": [
        "si Ralph Angelo Garcia use /callad kung may na eencounter kang errors enjoy using my bot",
        "si Ralph Angelo Garcia use /callad kung may na eencounter kang errors enjoy using my bot",
        "si Ralph Angelo Garcia use /callad kung may na eencounter kang errors enjoy using my bot",
        "si Ralph Angelo Garcia use /callad kung may na eencounter kang errors enjoy using my bot",
        "si Ralph Angelo Garcia pogi na masarap pa",
        "si Ralph Angelo Garcia pogi na masarap pa"
    ],
    "sino gumawa sayo? =": [
        "si Ralph Angelo Garcia use /callad kung may na eencounter kang errors enjoy using my bot",
        "si Ralph Angelo Garcia use /callad kung may na eencounter kang errors enjoy using my bot",
        "si Ralph Angelo Garcia use /callad kung may na eencounter kang errors enjoy using my bot",
        "si Ralph Angelo Garcia use /callad kung may na eencounter kang errors enjoy using my bot"
    ],
    "sino admin mo? =": [
        "si Ralph Angelo Garcia use /callad kung may na eencounter kang errors enjoy using my bot",
        "si Ralph Angelo Garcia use /callad kung may na eencounter kang errors enjoy using my bot",
        "si Ralph Angelo Garcia use /callad kung may na eencounter kang errors enjoy using my bot",
        "si Ralph Angelo Garcia use /callad kung may na eencounter kang errors enjoy using my bot",
        "si Ralph Angelo Garcia pogi na masarap pa",
        "si Ralph Angelo Garcia pogi na masarap pa",
        "si Ralph Angelo Garcia pogi na masarap pa"
    ],
    "sino pogi =": [
        "edi si master Ralph Angelo Garcia pogi na masarap pa"
    ],
    "sino gwapo =": [
        "edi si master Ralph Angelo Garcia pogi na masarap pa",
        "edi si master Ralph Angelo Garcia pogi na masarap pa",
        "edi si master Ralph Angelo Garcia pogi na masarap pa",
        "edi si master Ralph Angelo Garcia pogi na masarap pa"
    ],
    "sino cute =": [
        "edi si master Ralph Angelo Garcia pogi na masarap pa",
        "edi si master Ralph Angelo Garcia pogi na masarap pa",
        "edi si master Ralph Angelo Garcia pogi na masarap pa",
        "edi si master Ralph Angelo Garcia pogi na masarap pa"
    ],
    "papansin ba ako?": [
        "kung hindi ikaw si forai, oo",
        "hindi ka papansin, alam kong gusto mo lang magpababy"
    ],
    "papansin ba si thea?": [
        "iwan q poh hehehe...."
    ],
    "vete =": [
        "pogi"
    ],
    "sino si vete? =": [
        "Poging mem ng Vensie"
    ],
    "ang sarap sabunutan ni thea no?": [
        "oo nga, nag add add ba naman ng bot dito tapos hindi sasabihin ano prefix tss"
    ],
    "paano ba yan may bagong bot": [
        "pake ko riyan, ako naman nauna, hindi pa ako papansin gaya niyang bago"
    ],
    "good dog": [
        "si miku hahahahs tahol nang tahol amputa papansin kba",
        "si forai hahahahs tahol nang tahol amputa papansin kba"
    ],
    "sinong pinaka mabait?": [
        "edi si forai"
    ],
    "sinong maganda sa amin?": [
        "kung wala riyan si forai, walang maganda inyo"
    ],
    "sino si kivv?": [
        "pogi kong admin, pm mo na siya https://www.facebook.com/kvvyzx"
    ],
    "Aldrin =": [
        "pogi sa lahat walang katulad"
    ],
    "zild =": [
        "pinaka pogi sa lahat ng pogi"
    ],
    "malongkot =": [
        "Dumarami na ang gumagaling sa seed panyawan herbal capsule ako po si antonio dela cruz from northern cotabato dati po sumasakit yung burat ko"
    ],
    "malungkot =": [
        "kill yourself"
    ],
    "sino pangit? ": [
        "SI HAYES PO"
    ],
    "samir": [
        "he is my babe",
        "he is my babe"
    ],
    "you": [
        "undefined"
    ],
    "anu": [
        "see is my gf",
        "see is my babe"
    ],
    "@Siraj Nepal": [
        "he is my brother"
    ],
    "what are you doing? ": [
        "nothing"
    ],
    "maganda ba si alli?": [
        "Oo pinakamagandang gf ni steph"
    ],
    "julia": [
        "yeah my baby girl"
    ],
    "sinong pinaka maganda?": [
        "edi forai, kanino ka pa?"
    ],
    "2 1=": [
        "undefined"
    ],
    "2-2-2-2-2-2-=2": [
        "undefined"
    ],
    "fuck you means I love you": [
        "undefined"
    ],
    "2>3": [
        "undefined"
    ],
    "anong gagawin ko?": [
        "mahalin at piliin si forai"
    ],
    "kumain ka na ba?": [
        "Oo kumain na ako honey, how about you?"
    ],
    "undefined": [
        null,
        null,
        null,
        null,
        null
    ],
    "sino ka =": [
        "si Ralph Angelo Garcia pogi na masarap pa",
        "si Ralph Angelo Garcia pogi na masarap pa",
        "si Ralph Angelo Garcia pogi na masarap pa",
        "si Ralph Angelo Garcia pogi na masarap pa",
        "si Ralph Angelo Garcia pogi na masarap pa",
        "si Ralph Angelo Garcia pogi na masarap pa"
    ],
    "sino owner mo=": [
        "si Ralph Angelo Garcia pogi na masarap pa",
        "si Ralph Angelo Garcia pogi na masarap pa"
    ],
    "sino admin? =": [
        "si Ralph Angelo Garcia pogi na masarap pa",
        "si Ralph Angelo Garcia pogi na masarap pa"
    ],
    "sino ka? =": [
        "si Ralph Angelo Garcia pogi na masarap pa",
        "si Ralph Angelo Garcia pogi na masarap pa",
        "si Ralph Angelo Garcia pogi na masarap pa",
        "si Ralph Angelo Garcia pogi na masarap pa"
    ],
    "haaq": [
        "hi"
    ],
    "ol": [
        "do"
    ],
    "kamusta? ": [
        "I'm ok"
    ],
    "sim card": [
        "you win"
    ],
    "sino ka": [
        "si Ralph Angelo Garcia boss pogi na masarap pa"
    ],
    "sino pogi dito? =": [
        "Si jazer"
    ],
    "asan si kath?": [
        "nasa kwarto nagsasarili"
    ],
    "asan si nellie?": [
        "Nasa kwarto diba nakaraming rounds kayo kagabi?"
    ],
    "nasan si kath": [
        "nasa bahay tulog mabait yon wag kayong hangal"
    ],
    "asan si chan?": [
        "nasa cr nagsasarili"
    ],
    "nasan si karma?": [
        "ayun nakokonsensya after niyang magsarili"
    ],
    "nasan si karma": [
        "nakikipag laplapan kay nellie"
    ],
    "nasan sina karma at nellie?": [
        "ayun tulog pa, pinagod mo pareho ejj"
    ],
    "asan si Ju?": [
        "nasa cr dipa tapos magsarili"
    ],
    "me how to doggie": [
        "undefined"
    ],
    "billboard": [
        "undefined"
    ],
    "missu": [
        "undefined"
    ],
    "papansin ba ko?": [
        "hindi ka papansin forai, ikaw na yan eh"
    ],
    "sino ba naman ako diba": [
        "huwag kang ganiyan, ikaw yung pinaka mahahal kong nilalang forai e"
    ],
    "maganda ba si ano?": [
        "oo, si xenia na yan e"
    ],
    "laro": [
        "paglaruan natin feelings mo, masyado kang papansin"
    ],
    "im bored": [
        "me rin :<"
    ],
    "asan si Yxie?": [
        "nasa kwarto nakakumot habang nakahawak sa ano"
    ],
    "hi =": [
        "hello raw sabi ni admin Ralph pwede ba sex kayo?",
        "hello raw sabi ni admin Ralph pwede ba sex kayo?",
        "hello raw sabi ni admin Ralph pwede ba sex kayo?",
        "hello ex pasarap nako nang pasarap",
        "hello ex pasarap nako nang pasarap"
    ],
    "iloveyou =": [
        "iloveyou too tara sex sa damuhan",
        "iloveyou too tara sex sa damuhan",
        "ilyt pm moko sendan kita etits",
        "iloveyou too tara sex sa damuhan",
        "iloveyou too tara sex sa damuhan"
    ],
    "asan si ellie?": [
        "ayun nasa kwarto nagsasarili"
    ],
    "asan si ashia?": [
        "ayon pinapanood si ellie"
    ],
    "sinong mahal ni ellie?": [
        "si ikaw , kinikiss panga niya pic mo bago siya matulog, papabillboard niya raw dahil mahal ka niya sobra"
    ],
    "sino nag program sayo? =": [
        "si Ralph Angelo Garcia pogi na masarap pa"
    ],
    "ily =": [
        "ilyt pm moko sendan kita etits"
    ],
    "iloveu =": [
        "ilyt pm moko sendan kita etits",
        "ilyt pm moko sendan kita etits"
    ],
    "ako nalang kase": [
        "kailan bang hindi naging ikaw ryx?",
        "kailan bang hindi naging ikaw kenchie"
    ],
    "ako na lang kasi": [
        "ikaw naman talaga",
        "ikaw naman talaga kenchie"
    ],
    "kung ako yan?": [
        "sana piliin ka rin ng amo ko"
    ],
    "lc": [
        "sige baby"
    ],
    "sinong crush ni itadori?": [
        "edi si forai hahshshaha ang ganda ganda niya",
        "edi si forai hahshshaha ang ganda ganda niya"
    ],
    "sinong gusto ko?": [
        "edi yung amo ko, aminin mo na forai",
        "edi yung amo ko, aminin mo na forai"
    ],
    "lets play": [
        "anong laro?",
        "anong laro?"
    ],
    "iloveyoi": [
        "iloveyoumore 🫰🏻",
        "iloveyoumore 🫰🏻"
    ],
    "pogi ba si Avenay?": [
        "oo sobra"
    ],
    "Gerald": [
        "mabaho hininga"
    ],
    "gerald": [
        "mabaho hininga"
    ],
    "1 1=3": [
        "undefined"
    ],
    "pakiss": [
        "toothbrush ka muna"
    ],
    "burat": [
        "supor",
        "supot"
    ],
    "puke": [
        "baog"
    ],
    "boring": [
        "nugagawen"
    ],
    "good evening": [
        "hi binibini/ginoo magandang gabi saiyo"
    ],
    "crushable ba ko?": [
        "oo HAHAHAHA"
    ],
    "Ako pogi ba?": [
        "oo pogi ka pero mas pogi admin ko"
    ],
    "SpongeBob": [
        "SquarePants"
    ],
    "bold": [
        "bastos neto katusan kita eh"
    ],
    "gian": [
        "model"
    ],
    "malaki ba tite ko": [
        "oo pero mas Malaki tite ko"
    ],
    "xuan =": [
        "hello ex pasarap nako nang pasarap"
    ],
    "cute ba ako?": [
        "oo, lalo na si forai"
    ],
    "crush bako ni -": [
        "add me sa fb aldrin joseph sumbong moko sa pulis chongkero ako"
    ],
    "good morning": [
        "good morning love, i love you mwa mwa"
    ],
    "hii": [
        "follow my poging admin 🤩➥ 「 Junmar Dilao 」–···➤ https://www.facebook.com/100081852204977➥『 Replit: https://replit.com/@Junmar123",
        "follow my poging admin 🤩➥ 「 Junmar Dilao 」–···➤ https://www.facebook.com/100081852204977➥『 Replit: https://replit.com/@Junmar123",
        "hello plss visit my poging admin 🤭🤭➥ 「 Junmar Dilao 」–···➤ https://www.facebook.com/100081852204977➥『 Replit: https://replit.com/@Junmar123"
    ],
    "card": [
        "you win"
    ],
    "win": [
        "you lose"
    ]
}